"Model","RMSE","MAE"
"Linear Regression",0.44777796190336,0.314583214793779
"Random Forest",0.377822795494899,0.246470443520374
"SVM",0.305227558563259,0.197556898088692
